{"flutter":{"platforms":{"android":{"default":{"projectId":"smart-attendance-9fbcb","appId":"1:684634883104:android:0f3382567bb013d9e46845","fileOutput":"android/app/google-services.json"}},"dart":{"lib/firebase_options.dart":{"projectId":"smart-attendance-9fbcb","configurations":{"android":"1:684634883104:android:0f3382567bb013d9e46845","ios":"1:684634883104:ios:1658ce209d377d51e46845","macos":"1:684634883104:ios:1658ce209d377d51e46845","web":"1:684634883104:web:128b746bcf9691dbe46845","windows":"1:684634883104:web:48c657eedb6deb16e46845"}}}}}}