{"flutter":{"platforms":{"android":{"default":{"projectId":"smart-attendance-9fbcb","appId":"1:684634883104:android:3201b7ec29a2452ce46845","fileOutput":"android/app/google-services.json"}},"dart":{"lib/firebase_options.dart":{"projectId":"smart-attendance-9fbcb","configurations":{"android":"1:684634883104:android:3201b7ec29a2452ce46845","ios":"1:684634883104:ios:71123a2e3630da5de46845","macos":"1:684634883104:ios:71123a2e3630da5de46845","web":"1:684634883104:web:128b746bcf9691dbe46845","windows":"1:684634883104:web:a2e13461784f491ce46845"}}}}}}